{"cameraMode":{"drawMode":0,"name":"Shaded","section":"Shading Mode"},"sceneLighting":false,"audioPlay":false,"sceneViewState":{"m_AlwaysRefresh":false,"showFog":true,"showSkybox":false,"showFlares":true,"showImageEffects":true,"showParticleSystems":true,"showVisualEffectGraphs":true,"m_FxEnabled":true},"in2DMode":false,"pivot":{"x":-1.6699624061584473,"y":0.8583586812019348,"z":-5.417550563812256},"rotation":{"x":-0.02438315749168396,"y":0.9751838445663452,"z":-0.17021748423576356,"w":-0.13961060345172883},"size":0.9359481930732727,"orthographic":false}