{"cameraMode":{"drawMode":0,"name":"Shaded","section":"Shading Mode"},"sceneLighting":true,"audioPlay":false,"sceneViewState":{"m_AlwaysRefresh":false,"showFog":true,"showSkybox":false,"showFlares":true,"showImageEffects":true,"showParticleSystems":true,"showVisualEffectGraphs":true,"m_FxEnabled":true},"in2DMode":false,"pivot":{"x":-0.0009403228759765625,"y":1.5719995498657227,"z":0.0020275115966796877},"rotation":{"x":-0.06177055835723877,"y":0.014069904573261738,"z":-0.0007268013432621956,"w":-0.9981054067611694},"size":12.12435531616211,"orthographic":false}