{"cameraMode":{"drawMode":0,"name":"Shaded","section":"Shading Mode"},"sceneLighting":false,"audioPlay":false,"sceneViewState":{"m_AlwaysRefresh":false,"showFog":true,"showSkybox":false,"showFlares":true,"showImageEffects":true,"showParticleSystems":true,"showVisualEffectGraphs":true,"m_FxEnabled":true},"in2DMode":false,"pivot":{"x":-0.9466944932937622,"y":1.3689337968826295,"z":-4.980180740356445},"rotation":{"x":-0.2929386794567108,"y":-0.010899747721850872,"z":0.003355223685503006,"w":-0.9560922384262085},"size":0.4660799503326416,"orthographic":false}